{
  "fixture": "three_dim_quadratic",
  "initial_par": [3, -4, 0.5],
  "lower": [-10, -10, -10],
  "upper": [10, 10, 10],
  "control": {
    "maxit": 100,
    "fnscale": 1,
    "parscale": [1, 1, 1],
    "ndeps": [0.001, 0.001, 0.001],
    "factr": 10000000,
    "pgtol": 0,
    "lmm": 5
  },
  "gradient_supplied": true,
  "result": {
    "par": [1.0000000000017957, -1.9999999999997997, 0.25000000000024863],
    "value": 3.3756985668469619e-24,
    "counts": {
      "function": 8,
      "gradient": 8
    },
    "convergence": 0,
    "message": "CONVERGENCE: REL_REDUCTION_OF_F <= FACTR*EPSMCH"
  },
  "r_version": "R version 4.3.3 (2024-02-29)",
  "platform": "x86_64-pc-linux-gnu"
}
