{
  "fixture": "deseq_nb_real_subset",
  "source": {
    "source_directory": "data/",
    "committed_directory": "fixtures/deseq_real_subset/",
    "note": "Small DESeq-derived real-data subset; optimizer fixture uses an independently written NB GLM objective without DESeq2 code."
  },
  "objective": "negative binomial GLM negative log likelihood without beta-independent constants",
  "samples": 78,
  "coefficients": 4,
  "cases": [
    {
      "fixture": "deseq_nb_mtnd1p23",
      "gene": "MTND1P23",
      "reason": "actual_or_rough_optimizer_row",
      "dispersion": 3.1618364293705499,
      "initial_par": [40.734980136730897, 46.544801075871597, 19.038102770672999, -35.707621216485101],
      "lower": [-30, -30, -30, -30],
      "upper": [30, 30, 30, 30],
      "control": {
        "maxit": 100,
        "fnscale": 1,
        "parscale": [1, 1, 1, 1],
        "ndeps": [0.001, 0.001, 0.001, 0.001],
        "factr": 10000000,
        "pgtol": 0,
        "lmm": 5
      },
      "gradient_supplied": true,
      "result": {
        "par": [7.8672177715663283, -1.8686802853772235, 1.1975472165418133, -0.16402936860138451],
        "value": 241.12338174471583,
        "counts": {
          "function": 48,
          "gradient": 48
        },
        "convergence": 0,
        "message": "CONVERGENCE: REL_REDUCTION_OF_F <= FACTR*EPSMCH"
      }
    },
    {
      "fixture": "deseq_nb_igkv1_27",
      "gene": "IGKV1-27",
      "reason": "actual_or_rough_optimizer_row",
      "dispersion": 3.3733975035194099,
      "initial_par": [274.18488345527498, -311.76713394216, -278.212740600095, 145.34657155691201],
      "lower": [-30, -30, -30, -30],
      "upper": [30, 30, 30, 30],
      "control": {
        "maxit": 100,
        "fnscale": 1,
        "parscale": [1, 1, 1, 1],
        "ndeps": [0.001, 0.001, 0.001, 0.001],
        "factr": 10000000,
        "pgtol": 0,
        "lmm": 5
      },
      "gradient_supplied": true,
      "result": {
        "par": [4.4814912772096864, -0.33849229786073398, -1.0200515476120222, 0.82108176602226246],
        "value": 150.59902259726289,
        "counts": {
          "function": 47,
          "gradient": 47
        },
        "convergence": 0,
        "message": "CONVERGENCE: REL_REDUCTION_OF_F <= FACTR*EPSMCH"
      }
    },
    {
      "fixture": "deseq_nb_linc02172",
      "gene": "LINC02172",
      "reason": "actual_or_rough_optimizer_row",
      "dispersion": 15.9436093970202,
      "initial_par": [-8.7999990451974792, 57.1997977106777, 13.0953477183697, 23.620141143676101],
      "lower": [-30, -30, -30, -30],
      "upper": [30, 30, 30, 30],
      "control": {
        "maxit": 100,
        "fnscale": 1,
        "parscale": [1, 1, 1, 1],
        "ndeps": [0.001, 0.001, 0.001, 0.001],
        "factr": 10000000,
        "pgtol": 0,
        "lmm": 5
      },
      "gradient_supplied": true,
      "result": {
        "par": [0.54853456145300183, 2.4920280227555263, 1.2234499519678073, -0.18148194908318396],
        "value": 28.175659374289655,
        "counts": {
          "function": 44,
          "gradient": 44
        },
        "convergence": 0,
        "message": "CONVERGENCE: REL_REDUCTION_OF_F <= FACTR*EPSMCH"
      }
    },
    {
      "fixture": "deseq_nb_cyp11b1",
      "gene": "CYP11B1",
      "reason": "actual_or_rough_optimizer_row",
      "dispersion": 3.5002399319196398,
      "initial_par": [-14.594144297247, 60.870235466396501, 2.2356903960132102, 40.5452052677933],
      "lower": [-30, -30, -30, -30],
      "upper": [30, 30, 30, 30],
      "control": {
        "maxit": 100,
        "fnscale": 1,
        "parscale": [1, 1, 1, 1],
        "ndeps": [0.001, 0.001, 0.001, 0.001],
        "factr": 10000000,
        "pgtol": 0,
        "lmm": 5
      },
      "gradient_supplied": true,
      "result": {
        "par": [2.8864962450232934, 2.0761910702235045, 1.0730401498457136, 0.85186623619141488],
        "value": 152.98972657530516,
        "counts": {
          "function": 49,
          "gradient": 49
        },
        "convergence": 0,
        "message": "CONVERGENCE: REL_REDUCTION_OF_F <= FACTR*EPSMCH"
      }
    },
    {
      "fixture": "deseq_nb_linc00370",
      "gene": "LINC00370",
      "reason": "actual_or_rough_optimizer_row",
      "dispersion": 3.2394126833673198,
      "initial_par": [-13.5134095174237, 43.993929619937703, -0.91086239195479501, 33.7720505971186],
      "lower": [-30, -30, -30, -30],
      "upper": [30, 30, 30, 30],
      "control": {
        "maxit": 100,
        "fnscale": 1,
        "parscale": [1, 1, 1, 1],
        "ndeps": [0.001, 0.001, 0.001, 0.001],
        "factr": 10000000,
        "pgtol": 0,
        "lmm": 5
      },
      "gradient_supplied": true,
      "result": {
        "par": [0.47249225053112726, 2.4090627680005143, 0.81474367704050099, 0.43835917787532525],
        "value": 101.27060992767659,
        "counts": {
          "function": 33,
          "gradient": 33
        },
        "convergence": 0,
        "message": "CONVERGENCE: REL_REDUCTION_OF_F <= FACTR*EPSMCH"
      }
    },
    {
      "fixture": "deseq_nb_ppiap86",
      "gene": "PPIAP86",
      "reason": "force_optimizer_probe",
      "dispersion": 78,
      "initial_par": [-2.2073394943891498, 0.18280694394150199, 0.20086840710954501, -0.51336434237272499],
      "lower": [-30, -30, -30, -30],
      "upper": [30, 30, 30, 30],
      "control": {
        "maxit": 100,
        "fnscale": 1,
        "parscale": [1, 1, 1, 1],
        "ndeps": [0.001, 0.001, 0.001, 0.001],
        "factr": 10000000,
        "pgtol": 0,
        "lmm": 5
      },
      "gradient_supplied": true,
      "result": {
        "par": [-17.791600026278669, 15.487765494742527, 15.798854805819767, -30],
        "value": 1.3450820807764503,
        "counts": {
          "function": 34,
          "gradient": 34
        },
        "convergence": 0,
        "message": "CONVERGENCE: REL_REDUCTION_OF_F <= FACTR*EPSMCH"
      }
    },
    {
      "fixture": "deseq_nb_ensg00000249901",
      "gene": "ENSG00000249901",
      "reason": "force_optimizer_probe",
      "dispersion": 78,
      "initial_par": [-2.0003558482311901, 0.62477230406082296, 0.28101338827879502, -0.92732288942294305],
      "lower": [-30, -30, -30, -30],
      "upper": [30, 30, 30, 30],
      "control": {
        "maxit": 100,
        "fnscale": 1,
        "parscale": [1, 1, 1, 1],
        "ndeps": [0.001, 0.001, 0.001, 0.001],
        "factr": 10000000,
        "pgtol": 0,
        "lmm": 5
      },
      "gradient_supplied": true,
      "result": {
        "par": [-15.641069256819737, 14.500727808755638, 13.730638397550925, -30],
        "value": 1.575434651620826,
        "counts": {
          "function": 31,
          "gradient": 31
        },
        "convergence": 0,
        "message": "CONVERGENCE: REL_REDUCTION_OF_F <= FACTR*EPSMCH"
      }
    },
    {
      "fixture": "deseq_nb_ensg00000301330",
      "gene": "ENSG00000301330",
      "reason": "force_optimizer_probe",
      "dispersion": 78,
      "initial_par": [-2.0446856702812899, 0.60569605395944104, 0.20086479620534201, -0.83866476874664198],
      "lower": [-30, -30, -30, -30],
      "upper": [30, 30, 30, 30],
      "control": {
        "maxit": 100,
        "fnscale": 1,
        "parscale": [1, 1, 1, 1],
        "ndeps": [0.001, 0.001, 0.001, 0.001],
        "factr": 10000000,
        "pgtol": 0,
        "lmm": 5
      },
      "gradient_supplied": true,
      "result": {
        "par": [-14.916210295519608, 14.004657477217332, 12.602586874465118, -30],
        "value": 1.5319259278698518,
        "counts": {
          "function": 28,
          "gradient": 28
        },
        "convergence": 0,
        "message": "CONVERGENCE: REL_REDUCTION_OF_F <= FACTR*EPSMCH"
      }
    },
    {
      "fixture": "deseq_nb_ensg00000305966",
      "gene": "ENSG00000305966",
      "reason": "force_optimizer_probe",
      "dispersion": 78,