baseMean	log2FoldChange	lfcSE	stat	pvalue	padj	gene
576.105148990549	-0.336104374186285	0.345543897121787	-0.972682130941601	NA	NA	MTND1P23
84.5496641521834	1.18465362165381	0.601618612299454	1.96911065820574	0.0489403851948084	0.546298833278783	IGKV1-27
0.0447074721149662	-0.510310367606342	2.92209629794428	-0.174638449788718	0.861363734266924	NA	ENSG00000305966
0.0932712270333523	-0.927322889422944	2.92177026647007	-0.317383916204776	0.750952309850644	NA	ENSG00000249901
0.0501626940091112	-0.513364342372724	2.92209459169919	-0.175683683831126	0.860542454342396	NA	PPIAP86
0.0990718381631253	-0.838664768746642	2.92181833605689	-0.287035219950893	0.774085352751103	NA	ENSG00000301330
